Iter0 t(s)	Iter0 HV	Iter1 t(s)	Iter1 HV	Iter2 t(s)	Iter2 HV	Iter3 t(s)	Iter3 HV	Iter4 t(s)	Iter4 HV	Iter5 t(s)	Iter5 HV	Iter6 t(s)	Iter6 HV	Iter7 t(s)	Iter7 HV	Iter8 t(s)	Iter8 HV	Iter9 t(s)	Iter9 HV	
0.003999233245849609	19101248.140252203	0.003999948501586914	19039630.533616073	0.004502534866333008	18883524.48466116	0.004000663757324219	18931274.530677143	0.003522157669067383	18950909.95350684	0.005507707595825195	18912262.38252881	0.0039997100830078125	18808488.679384094	0.006581544876098633	19080544.84336254	0.0034530162811279297	19087050.367475808	0.004999876022338867	18856918.88953045	
0.09414339065551758	19127583.609048188	0.048662662506103516	19101171.116503675	0.036597490310668945	18896077.648127414	0.048415422439575195	18975734.014586747	0.024529218673706055	19118025.103778414	0.10221123695373535	18951285.148227703	0.09550952911376953	18829523.235596277	0.1259605884552002	19111722.760755435	0.1434326171875	19111909.682019282	0.2900078296661377	18901386.76848221	
33.66572594642639	19140942.08521858	24.562819957733154	19115387.716131676	58.95261478424072	19084492.40074256	4.001472234725952	19078643.37076048	21.562310218811035	19136682.077327855	9.873220205307007	19033844.109031968	18.239545822143555	19086456.93428087	30.236117601394653	19138011.667656448	30.880122184753418	19146472.984832294	27.358558177947998	19103751.307376172	
203.9612808227539	19172030.972243376	158.54957365989685	19144227.96658153	127.63408374786377	19106650.951095726	83.54218459129333	19097813.1080801	112.8365249633789	19166783.738754034	99.42473125457764	19092843.54588985	84.20513653755188	19109125.52523521	110.23199582099915	19176763.10879291	98.87971544265747	19160935.703584075	94.69956016540527	19120377.59428559	
