Iter0 t(s)	Iter0 HV	Iter1 t(s)	Iter1 HV	Iter2 t(s)	Iter2 HV	Iter3 t(s)	Iter3 HV	Iter4 t(s)	Iter4 HV	Iter5 t(s)	Iter5 HV	Iter6 t(s)	Iter6 HV	Iter7 t(s)	Iter7 HV	Iter8 t(s)	Iter8 HV	Iter9 t(s)	Iter9 HV	
0.003789663314819336	0.0	0.0025060176849365234	0.0	0.003000020980834961	0.0	0.004442691802978516	0.0	0.004000425338745117	0.0	0.002997159957885742	0.0	0.004002571105957031	0.0	0.0029993057250976562	0.0	0.00401759147644043	0.0	0.0035037994384765625	0.0	
4.78831672668457	0.0	1.1529526710510254	0.0	0.5960671901702881	0.0	0.5005879402160645	0.0	0.3485689163208008	0.0	8.879158973693848	0.0	4.688924789428711	0.0	0.7025294303894043	0.0	0.5994894504547119	0.0	7.8255298137664795	0.0	
21.973753452301025	0.0	11.32357931137085	0.0	3.4462432861328125	0.0	29.21122980117798	0.0	6.4225146770477295	0.0	40.84457516670227	0.0	32.988638162612915	0.0	11.80413556098938	0.0	12.006147384643555	0.0	61.02221965789795	0.0	
53.87903332710266	0.0	45.27831220626831	0.0	10.9111909866333	0.0	84.54213976860046	0.0	16.769665241241455	0.0	74.0032114982605	0.0	51.00179123878479	0.0	44.45657825469971	0.0	75.65303802490234	0.0	99.30605053901672	0.0	
105.67718768119812	0.0	93.43126678466797	0.0	25.983195304870605	0.0	136.64144086837769	0.0	103.17632508277893	0.0	91.80348491668701	0.0	80.58600759506226	0.0	138.91843605041504	0.0	137.04615020751953	0.0	143.31572103500366	0.0	
157.23415613174438	0.0	166.22121119499207	0.0	40.083619832992554	0.0			131.87792539596558	0.0	127.29731941223145	0.0	109.6189169883728	0.0							
