Iter0 t(s)	Iter0 HV	Iter1 t(s)	Iter1 HV	Iter2 t(s)	Iter2 HV	Iter3 t(s)	Iter3 HV	Iter4 t(s)	Iter4 HV	Iter5 t(s)	Iter5 HV	Iter6 t(s)	Iter6 HV	Iter7 t(s)	Iter7 HV	Iter8 t(s)	Iter8 HV	Iter9 t(s)	Iter9 HV	
0.0019996166229248047	0.0	0.0039997100830078125	0.0	0.004000186920166016	0.0	0.0029997825622558594	0.0	0.004000663757324219	0.0	0.003504514694213867	0.0	0.002999544143676758	0.0	0.003000974655151367	0.0	0.003000497817993164	0.0	0.003512144088745117	0.0	
49.424739360809326	0.0	470.9585769176483	0.0	71.77579641342163	0.0	134.69865679740906	0.0	9.464568376541138	0.0	148.4452521800995	0.0	87.04482698440552	0.0	627.1681425571442	0.0	85.71229195594788	0.0	403.1140205860138	0.0	
290.98765230178833	0.0			425.4348292350769	0.0			168.99323534965515	0.0			2480.6871662139893	0.0			1239.490638256073	0.0			
