Iter0 t(s)	Iter0 HV	Iter1 t(s)	Iter1 HV	Iter2 t(s)	Iter2 HV	Iter3 t(s)	Iter3 HV	Iter4 t(s)	Iter4 HV	Iter5 t(s)	Iter5 HV	Iter6 t(s)	Iter6 HV	Iter7 t(s)	Iter7 HV	Iter8 t(s)	Iter8 HV	Iter9 t(s)	Iter9 HV	
0.0025076866149902344	19401966.151156303	0.0030059814453125	19332295.6298609	0.005074501037597656	19123563.553910624	0.0029993057250976562	19278846.25663098	0.002000093460083008	19403047.693314962	0.0029997825622558594	19268690.2420194	0.005503654479980469	19388758.217436876	0.004486799240112305	19368133.229613673	0.005010366439819336	19405969.119698014	0.006504058837890625	19366997.789436728	
0.2110757827758789	19419259.503455367	1.1196250915527344	19348459.052030798	0.4441380500793457	19157503.167930163	5.4045679569244385	19292233.860014733	12.805425882339478	19447606.61803492	5.378068208694458	19346681.444965128	11.889602184295654	19403422.632209674	1.4392495155334473	19406494.43594292	3.5076184272766113	19419984.145208765	21.556708335876465	19404353.849740323	
40.353595495224	19438591.76777188	50.90211892127991	19358396.243856903	10.249496459960938	19170891.143858258	44.726781606674194	19302516.26895259	59.581912994384766	19457578.512904923	39.68121790885925	19368221.25030856	78.66512966156006	19427708.25101191	232.65646409988403	19427700.747043554	128.61378288269043	19438425.72008992	259.15970754623413	19428857.938819896	
91.54480266571045	19445205.944803037	116.98403286933899	19368086.675879598	44.117069482803345	19201519.252858978	114.04992890357971	19393893.9319299	147.6044557094574	19467460.08003657	146.18382930755615	19409961.759655617	191.93337893486023	19449965.57366984							
172.2510747909546	19470801.00122387	199.7584137916565	19406235.14390963	115.62714982032776	19265876.00880878	178.71295475959778	19401518.699974872													
